{"coco/bbox_mAP": 0.732, "coco/bbox_mAP_50": 0.849, "coco/bbox_mAP_75": 0.823, "coco/bbox_mAP_s": 0.0, "coco/bbox_mAP_m": 0.451, "coco/bbox_mAP_l": 0.863, "data_time": 0.01958751678466797, "time": 0.1748949381021353}