{"coco/bbox_mAP": 0.732, "coco/bbox_mAP_50": 0.849, "coco/bbox_mAP_75": 0.823, "coco/bbox_mAP_s": 0.0, "coco/bbox_mAP_m": 0.451, "coco/bbox_mAP_l": 0.863, "data_time": 0.40737352004418004, "time": 0.5719492802253137}