{"accuracy/top1": 46.389495849609375, "data_time": 1.4137282848358155, "time": 1.7012864748636882}