{"accuracy/top1": 50.54704666137695, "data_time": 1.3868314425150554, "time": 1.68038117090861}