{"coco/bbox_mAP": 0.658, "coco/bbox_mAP_50": 0.966, "coco/bbox_mAP_75": 0.966, "coco/bbox_mAP_s": -1.0, "coco/bbox_mAP_m": -1.0, "coco/bbox_mAP_l": 0.658, "data_time": 0.8635999939658425, "time": 1.1781331409107556}