{"coco/AP": 0.00033003300330033004, "coco/AP .5": 0.0033003300330033, "coco/AP .75": 0.0, "coco/AP (M)": -1.0, "coco/AP (L)": 0.00033003300330033004, "coco/AR": 0.0023809523809523807, "coco/AR .5": 0.023809523809523808, "coco/AR .75": 0.0, "coco/AR (M)": -1.0, "coco/AR (L)": 0.0023809523809523807, "PCK": 0.3310657596371882, "AUC": 0.010430839002267574, "NME": 0.25113790429908944, "data_time": 2.9887394110361734, "time": 4.00975227355957}