{"lr": 0.02, "data_time": 0.0014127254486083984, "loss": 2.859736466407776, "time": 0.323911190032959, "epoch": 1, "iter": 100, "memory": 2956, "step": 100}
{"accuracy/top1": 29.234285354614258, "data_time": 0.22917697725504854, "time": 0.33706574892475655, "step": 1}
{"lr": 0.02, "data_time": 0.0014662981033325196, "loss": 2.3224828600883485, "time": 0.3229933023452759, "epoch": 2, "iter": 237, "memory": 2956, "step": 237}
{"accuracy/top1": 29.14285659790039, "data_time": 0.0020085590473119764, "time": 0.10715068250462628, "step": 2}
{"lr": 0.02, "data_time": 0.0017956972122192382, "loss": 2.3251331567764284, "time": 0.3217831373214722, "epoch": 3, "iter": 374, "memory": 2956, "step": 374}
{"accuracy/top1": 40.297142028808594, "data_time": 0.001929791077323582, "time": 0.10921970312146173, "step": 3}
{"lr": 0.02, "data_time": 0.0013627290725708007, "loss": 2.1169516921043394, "time": 0.32244057655334474, "epoch": 4, "iter": 511, "memory": 2956, "step": 511}
{"accuracy/top1": 39.17714309692383, "data_time": 0.002066277075504911, "time": 0.10736478929934294, "step": 4}
{"lr": 0.02, "data_time": 0.0014606475830078124, "loss": 2.0014798760414125, "time": 0.32221617698669436, "epoch": 5, "iter": 648, "memory": 2956, "step": 648}
{"accuracy/top1": 45.439998626708984, "data_time": 0.0021569607914357944, "time": 0.10747552436331044, "step": 5}
{"lr": 0.02, "data_time": 0.0013611316680908203, "loss": 1.9090512633323669, "time": 0.3217259645462036, "epoch": 6, "iter": 785, "memory": 2956, "step": 785}
{"accuracy/top1": 49.371429443359375, "data_time": 0.0019470764243084452, "time": 0.10750788709391719, "step": 6}
{"lr": 0.02, "data_time": 0.0014157772064208984, "loss": 1.9243159174919129, "time": 0.32261962890625, "epoch": 7, "iter": 922, "memory": 2956, "step": 922}
{"accuracy/top1": 50.514286041259766, "data_time": 0.0019410952277805495, "time": 0.10765214933865312, "step": 7}
{"lr": 0.02, "data_time": 0.0015226840972900391, "loss": 1.9339373350143432, "time": 0.3227964401245117, "epoch": 8, "iter": 1059, "memory": 2956, "step": 1059}
{"accuracy/top1": 49.645713806152344, "data_time": 0.0021253997001095095, "time": 0.10904519108758456, "step": 8}
{"lr": 0.02, "data_time": 0.0017982959747314454, "loss": 1.8787001132965089, "time": 0.322584342956543, "epoch": 9, "iter": 1196, "memory": 2956, "step": 1196}
{"accuracy/top1": 51.977142333984375, "data_time": 0.002072553703750389, "time": 0.10805206713469132, "step": 9}
{"lr": 0.02, "data_time": 0.0014666080474853515, "loss": 1.9468141674995423, "time": 0.3215028762817383, "epoch": 10, "iter": 1333, "memory": 2956, "step": 1333}
{"accuracy/top1": 53.78285598754883, "data_time": 0.002484312955883966, "time": 0.10834644842838896, "step": 10}
{"lr": 0.02, "data_time": 0.001630711555480957, "loss": 1.7203583359718322, "time": 0.32246344089508056, "epoch": 11, "iter": 1470, "memory": 2956, "step": 1470}
{"accuracy/top1": 51.38285827636719, "data_time": 0.0022569704746854477, "time": 0.1086827896643376, "step": 11}
{"lr": 0.02, "data_time": 0.0018348932266235352, "loss": 1.6043180346488952, "time": 0.3184154510498047, "epoch": 12, "iter": 1607, "memory": 2956, "step": 1607}
{"accuracy/top1": 53.691429138183594, "data_time": 0.002113972885021265, "time": 0.11006606316220933, "step": 12}
{"lr": 0.02, "data_time": 0.0016715049743652344, "loss": 1.7038093566894532, "time": 0.318111515045166, "epoch": 13, "iter": 1744, "memory": 2956, "step": 1744}
{"accuracy/top1": 55.40571212768555, "data_time": 0.0021274435347405033, "time": 0.10739225926606552, "step": 13}
{"lr": 0.02, "data_time": 0.0015044450759887696, "loss": 1.6958288550376892, "time": 0.3186710596084595, "epoch": 14, "iter": 1881, "memory": 2956, "step": 1881}
{"accuracy/top1": 58.85714340209961, "data_time": 0.0020523572313612785, "time": 0.11302761927894923, "step": 14}
