{"accuracy/top1": 62.80087661743164, "data_time": 1.9750123182932535, "time": 2.3369932174682617}