{"lr": 2.5863685344827587e-05, "data_time": 0.47731356620788573, "loss": 2.7827969074249266, "loss_cls": 2.1183307647705076, "loss_bbox": 0.6644661545753479, "time": 2.8185283660888674, "epoch": 1, "step": 5}
{"lr": 6.465640086206897e-05, "data_time": 0.3995752551338889, "loss": 2.779468601400202, "loss_cls": 2.112086599523371, "loss_bbox": 0.6673820127140392, "time": 2.573522611097856, "epoch": 2, "step": 11}
{"lr": 0.00010344911637931034, "data_time": 0.3893040348501766, "loss": 2.7786352774676155, "loss_cls": 2.1136717796325684, "loss_bbox": 0.6649634943288916, "time": 2.5287123006932877, "epoch": 3, "step": 17}
{"lr": 0.00014224183189655168, "data_time": 0.37818231789962103, "loss": 2.7871452725451924, "loss_cls": 2.1348152627115664, "loss_bbox": 0.6523299942845884, "time": 2.4995037161785625, "epoch": 4, "step": 23}
{"lr": 0.000181034547413793, "data_time": 0.37441229820251465, "loss": 2.7850885802301866, "loss_cls": 2.1402670227248093, "loss_bbox": 0.6448215472287145, "time": 2.468461299764699, "epoch": 5, "step": 29}
{"coco/bbox_mAP": 0.379, "coco/bbox_mAP_50": 0.452, "coco/bbox_mAP_75": 0.406, "coco/bbox_mAP_s": 0.0, "coco/bbox_mAP_m": 0.054, "coco/bbox_mAP_l": 0.505, "data_time": 0.0194855469923753, "time": 0.16887375024648812, "step": 5}
{"lr": 0.0001874999999999999, "data_time": 0.37144697734287807, "loss": 2.786250448226929, "loss_cls": 2.1524870021002633, "loss_bbox": 0.6337634401662009, "time": 2.4689402648380825, "epoch": 6, "step": 35}
{"lr": 0.0001874999999999999, "data_time": 0.3696723914727932, "loss": 2.7864801592943147, "loss_cls": 2.167724112185036, "loss_bbox": 0.6187560376597614, "time": 2.4515999991719317, "epoch": 7, "step": 41}
{"lr": 0.0001874999999999999, "data_time": 0.36354968902912543, "loss": 2.772930048881693, "loss_cls": 2.168524978008676, "loss_bbox": 0.6044050677025572, "time": 2.438009906322398, "epoch": 8, "step": 47}
{"lr": 0.0001874999999999999, "data_time": 0.34335812091827395, "loss": 2.7391883182525634, "loss_cls": 2.1533587169647217, "loss_bbox": 0.5858295947313309, "time": 2.3885460567474364, "epoch": 9, "step": 53}
{"lr": 0.0001874999999999999, "data_time": 0.34415981292724607, "loss": 2.6629031991958616, "loss_cls": 2.0989678144454955, "loss_bbox": 0.5639353764057159, "time": 2.4023481369018556, "epoch": 10, "step": 59}
{"coco/bbox_mAP": 0.521, "coco/bbox_mAP_50": 0.712, "coco/bbox_mAP_75": 0.521, "coco/bbox_mAP_s": 0.0, "coco/bbox_mAP_m": 0.152, "coco/bbox_mAP_l": 0.652, "data_time": 0.013647831403292142, "time": 0.16092956066131592, "step": 10}
{"lr": 0.0001874999999999999, "data_time": 0.3451562786102295, "loss": 2.5495950317382814, "loss_cls": 2.019736952781677, "loss_bbox": 0.5298580765724182, "time": 2.4009881591796876, "epoch": 11, "step": 65}
{"lr": 0.0001874999999999999, "data_time": 0.33950926303863527, "loss": 2.3930591535568237, "loss_cls": 1.899089525938034, "loss_bbox": 0.4939696270227432, "time": 2.3970795106887817, "epoch": 12, "step": 71}
{"lr": 0.0001874999999999999, "data_time": 0.3374439001083374, "loss": 2.202368792295456, "loss_cls": 1.7435865187644959, "loss_bbox": 0.458782280087471, "time": 2.404312348365784, "epoch": 13, "step": 77}
{"lr": 0.0001874999999999999, "data_time": 0.33124627590179445, "loss": 1.997923594713211, "loss_cls": 1.5719580352306366, "loss_bbox": 0.42596556305885314, "time": 2.409298858642578, "epoch": 14, "step": 83}
{"lr": 0.0001874999999999999, "data_time": 0.32623641967773437, "loss": 1.7772822773456574, "loss_cls": 1.3811361414194108, "loss_bbox": 0.3961461421847343, "time": 2.4116742038726806, "epoch": 15, "step": 89}
{"coco/bbox_mAP": 0.697, "coco/bbox_mAP_50": 0.817, "coco/bbox_mAP_75": 0.8, "coco/bbox_mAP_s": 0.0, "coco/bbox_mAP_m": 0.432, "coco/bbox_mAP_l": 0.813, "data_time": 0.010994813381097255, "time": 0.15394916289891952, "step": 15}
{"lr": 0.0001874999999999999, "data_time": 0.32757904529571535, "loss": 1.5551995420455933, "loss_cls": 1.1844229155778885, "loss_bbox": 0.370776632130146, "time": 2.416227946281433, "epoch": 16, "step": 95}
{"lr": 0.0001874999999999999, "data_time": 0.3143905591964722, "loss": 1.365852063894272, "loss_cls": 1.0221658515930176, "loss_bbox": 0.3436862191557884, "time": 2.4131381797790525, "epoch": 17, "step": 101}
{"lr": 0.0001874999999999999, "data_time": 0.315028018951416, "loss": 1.197456010580063, "loss_cls": 0.8737865632772446, "loss_bbox": 0.3236694511771202, "time": 2.414712419509888, "epoch": 18, "step": 107}
{"lr": 0.0001874999999999999, "data_time": 0.30998147010803223, "loss": 1.0602954614162445, "loss_cls": 0.7548610049486161, "loss_bbox": 0.30543446123600004, "time": 2.4142913389205933, "epoch": 19, "step": 113}
{"lr": 0.0001874999999999999, "data_time": 0.31288355827331543, "loss": 0.9721612524986267, "loss_cls": 0.6805641728639603, "loss_bbox": 0.2915970841050148, "time": 2.410977463722229, "epoch": 20, "step": 119}
{"coco/bbox_mAP": 0.709, "coco/bbox_mAP_50": 0.837, "coco/bbox_mAP_75": 0.787, "coco/bbox_mAP_s": 0.0, "coco/bbox_mAP_m": 0.477, "coco/bbox_mAP_l": 0.828, "data_time": 0.006145191192626953, "time": 0.14739226341247558, "step": 20}
{"lr": 0.00018701210630623673, "data_time": 0.31064108848571775, "loss": 0.9088035655021668, "loss_cls": 0.6214915281534195, "loss_bbox": 0.28731204390525816, "time": 2.4115269708633424, "epoch": 21, "step": 125}
{"lr": 0.00018446526890387004, "data_time": 0.3141752576828003, "loss": 0.9353500699996948, "loss_cls": 0.6553599500656128, "loss_bbox": 0.2799901220202446, "time": 2.4113591527938842, "epoch": 22, "step": 131}
{"lr": 0.00017980014232129403, "data_time": 0.3188739728927612, "loss": 0.9102565419673919, "loss_cls": 0.6359644919633866, "loss_bbox": 0.27429205030202863, "time": 2.4122353553771974, "epoch": 23, "step": 137}
{"lr": 0.00017313159745763925, "data_time": 0.3168904638290405, "loss": 0.879870456457138, "loss_cls": 0.6121366345882415, "loss_bbox": 0.2677338209748268, "time": 2.4048694276809695, "epoch": 24, "step": 143}
{"lr": 0.00016462383601908038, "data_time": 0.3220369052886963, "loss": 0.9045369720458984, "loss_cls": 0.6430385607481003, "loss_bbox": 0.26149840593338014, "time": 2.4051464939117433, "epoch": 25, "step": 149}
{"coco/bbox_mAP": 0.69, "coco/bbox_mAP_50": 0.829, "coco/bbox_mAP_75": 0.781, "coco/bbox_mAP_s": 0.0, "coco/bbox_mAP_m": 0.479, "coco/bbox_mAP_l": 0.794, "data_time": 0.005594611167907715, "time": 0.1424397373199463, "step": 25}
{"lr": 0.0001544863473278761, "data_time": 0.3167508554458618, "loss": 0.8842704057693481, "loss_cls": 0.6247783786058426, "loss_bbox": 0.2594920226931572, "time": 2.404119777679443, "epoch": 26, "step": 155}
{"lr": 0.00014296874999999998, "data_time": 0.31671875, "loss": 0.8731986725330353, "loss_cls": 0.6154314213991166, "loss_bbox": 0.2577672457695007, "time": 2.406090507507324, "epoch": 27, "step": 161}
{"lr": 0.0001303546455063783, "data_time": 0.32004878520965574, "loss": 0.8542741179466248, "loss_cls": 0.59526029586792, "loss_bbox": 0.25901381611824037, "time": 2.410565724372864, "epoch": 28, "step": 167}
{"lr": 0.00011695463496345667, "data_time": 0.3232734203338623, "loss": 0.847447202205658, "loss_cls": 0.5895187366008758, "loss_bbox": 0.25792845875024795, "time": 2.4158431768417357, "epoch": 29, "step": 173}
{"lr": 0.00010309867110288716, "data_time": 0.32691914558410645, "loss": 0.799268569946289, "loss_cls": 0.5337541675567627, "loss_bbox": 0.26551439613103867, "time": 2.4266997528076173, "epoch": 30, "step": 179}
{"coco/bbox_mAP": 0.732, "coco/bbox_mAP_50": 0.849, "coco/bbox_mAP_75": 0.823, "coco/bbox_mAP_s": 0.0, "coco/bbox_mAP_m": 0.451, "coco/bbox_mAP_l": 0.863, "data_time": 0.005616402626037598, "time": 0.1439994430541992, "step": 30}
{"lr": 8.912793374022463e-05, "data_time": 0.3217725658416748, "loss": 0.8012770760059357, "loss_cls": 0.5346899765729904, "loss_bbox": 0.26658709704875944, "time": 2.4102660274505614, "epoch": 31, "step": 185}
{"lr": 7.538642879555673e-05, "data_time": 0.3277251672744751, "loss": 0.7872612941265106, "loss_cls": 0.5258047342300415,